Type,Item
whitelist,education
whitelist,school
whitelist,learning
whitelist,homework
whitelist,research
whitelist,science
whitelist,mathematics
whitelist,history
whitelist,literature
whitelist,biology
whitelist,chemistry
whitelist,physics
whitelist,geography
whitelist,astronomy
whitelist,programming
whitelist,coding
whitelist,technology
whitelist,robotics
whitelist,engineering
whitelist,art
whitelist,music
whitelist,sports
whitelist,exercise
whitelist,nutrition
whitelist,vegetables
whitelist,fruits
whitelist,health
whitelist,teamwork
whitelist,collaboration
whitelist,friendship
blacklist,violence
blacklist,weapon
blacklist,shooting
blacklist,gambling
blacklist,betting
blacklist,alcohol
blacklist,cigarette
blacklist,vape
blacklist,drugs
blacklist,inappropriate
blacklist,obscene
blacklist,explicit
blacklist,mature
blacklist,dating
blacklist,swear
blacklist,profanity
blacklist,curse
blacklist,hate
blacklist,discrimination
blacklist,bullying
blacklist,harassment
